{
  "project_info": {
    "project_number": "897561285856",
    "project_id": "gorker-e6d5a",
    "storage_bucket": "gorker-e6d5a.firebasestorage.app"
  },
  "client": [
    {
      "client_info": {
        "mobilesdk_app_id": "1:897561285856:android:ebbe8e2c640927f7306c85",
        "android_client_info": {
          "package_name": "com.starlight.gorker"
        }
      },
      "oauth_client": [
        {
          "client_id": "897561285856-hfehoafvonnbuoucb505dplm1b3rgnca.apps.googleusercontent.com",
          "client_type": 3
        }
      ],
      "api_key": [
        {
          "current_key": "AIzaSyApy3C80aJ3E4cqd0kVYaCYNuUi4jmnxdU"
        }
      ],
      "services": {
        "appinvite_service": {
          "other_platform_oauth_client": [
            {
              "client_id": "897561285856-hfehoafvonnbuoucb505dplm1b3rgnca.apps.googleusercontent.com",
              "client_type": 3
            }
          ]
        }
      }
    }
  ],
  "configuration_version": "1"
}